Zip Code,Population,Longitude,Latitude,Frequency
90001,54492,-118.24902,33.973616,4
90002,44586,-118.246978,33.949255,4
90003,58198,-118.272783,33.964131,5
90004,67852,-118.310715,34.076259,5
90005,43019,-118.30742,34.059281,4
90006,62784,-118.293953,34.048013,5
90007,45025,-118.28515,34.027337,5
90008,30852,-118.346766,34.008293,5
90010,1957,-118.315709,34.062125,4
90011,101215,-118.258681,34.00709,5
90012,30596,-118.238728,34.065875,5
90013,9732,-118.240413,34.044639,5
90014,3524,-118.251977,34.043144,4
90015,15140,-118.266293,34.039224,5
90016,46984,-118.354338,34.028331,4
90017,20692,-118.264495,34.052842,4
90018,47143,-118.317236,34.028735,5
90019,67520,-118.33846,34.049841,4
90020,42394,,,0
90021,3012,-118.239504,34.029043,5
90022,68701,-118.156582,34.02381,5
90023,47487,-118.200577,34.017697,5
90024,44150,-118.435479,34.066303,5
90025,41175,-118.446333,34.046174,5
90026,73686,-118.263804,34.078991,5
90027,48727,-118.295647,34.127194,5
90028,30568,-118.326843,34.099869,6
90029,41713,-118.294824,34.089953,5
90031,38415,-118.206617,34.085807,5
90032,46960,-118.177576,34.078821,5
90033,49431,-118.210946,34.050198,5
90034,58218,-118.399613,34.030578,5
90035,27799,-118.383843,34.051809,5
90036,32901,-118.349191,34.070291,5
90037,56709,-118.287596,34.002642,5
90038,32562,-118.327168,34.088017,5
90039,29310,-118.259595,34.110845,5
90040,9805,-118.149953,33.994524,5
90041,27866,-118.207607,34.137412,5
90042,64672,-118.192754,34.11572,5
90043,44764,-118.334081,33.988543,5
90044,87383,-118.292061,33.952714,5
90045,39334,-118.402447,33.954017,5
90046,49839,-118.362081,34.108455,5
90047,47107,-118.308441,33.958149,5
90048,21739,-118.37267,34.072945,5
90049,33523,-118.491244,34.091829,5
90056,8115,-118.370442,33.987945,5
90057,44004,-118.277939,34.061918,5
90058,3642,-118.222274,34.001617,5
90059,38128,-118.249826,33.927254,5
90061,24511,-118.274186,33.92128,5
90062,29299,-118.308933,34.003553,5
90063,55668,-118.185237,34.044271,5
90064,24505,-118.423573,34.037251,5
90065,47534,-118.229715,34.108833,5
90066,55204,-118.430656,34.002028,5
90067,2527,-118.413959,34.057496,5
90068,21728,-118.328915,34.137411,5
90069,20408,-118.381061,34.093781,5
90071,21,-118.255178,34.052917,5
90077,10470,-118.451629,34.102084,5
90201,105285,-118.171368,33.970343,5
90210,21397,-118.414338,34.099891,5
90211,8321,-118.383001,34.063947,5
90212,11355,-118.401508,34.062095,5
90220,47305,-118.234451,33.88151,5
90221,51387,-118.206459,33.885811,5
90222,29825,-118.236773,33.912246,5
90230,31963,-118.39704,33.993991,5
90232,15195,-118.391902,34.019323,5
90240,24908,-118.120993,33.956228,5
90241,40152,-118.128628,33.940884,5
90242,42459,-118.140588,33.921793,5
90245,16041,-118.401554,33.917145,5
90247,47758,-118.297967,33.890853,5
90248,9960,-118.284077,33.876482,5
90249,26442,-118.315697,33.90139,5
90250,93315,-118.348083,33.914775,5
90254,18693,-118.396336,33.86532,5
90255,78114,-118.217141,33.97803,5
90260,33300,-118.351813,33.88856,5
90262,69850,-118.200669,33.923573,5
90263,11,-118.705803,34.037037,5
90265,19630,-118.831181,34.074572,5
90266,33758,-118.39737,33.889632,5
90270,28094,-118.186565,33.988572,5
90272,22548,-118.548306,34.079449,5
90274,24979,-118.404955,33.788208,5
90275,41263,-118.367459,33.753146,5
90277,34191,-118.384565,33.830453,5
90278,37322,-118.37019,33.873395,5
90280,96267,-118.192615,33.944624,5
90290,5451,-118.61017,34.115192,5
90291,31021,-118.479229,33.991782,5
90292,18058,-118.445475,33.977468,5
90293,11264,-118.439841,33.947305,5
90301,37527,-118.358634,33.956445,5
90302,30779,-118.355252,33.975332,5
90303,27778,-118.332639,33.936291,5
90304,28680,-118.359824,33.936827,5
90305,13779,-118.330905,33.958134,5
90401,5221,-118.493231,34.015481,5
90402,11509,-118.503508,34.035849,5
90403,23559,-118.491156,34.031529,5
90404,19975,-118.474222,34.026334,5
90405,26099,-118.477507,34.005439,5
90501,40705,-118.314387,33.833699,5
90502,17058,-118.292062,33.833181,5
90503,41979,-118.353714,33.840399,5
90504,31678,-118.330794,33.867257,5
90505,34873,-118.347957,33.807882,5
90601,32050,-118.033683,34.007353,5
90602,26265,-118.020188,33.972119,5
90603,19109,-117.992066,33.945318,5
90604,37887,-118.01208,33.929704,5
90605,38181,-118.032222,33.960891,5
90606,32148,-118.065875,33.976678,5
90620,44442,-118.012204,33.845706,5
90621,33528,-117.993368,33.874224,5
90623,15505,-118.039892,33.850504,5
90630,47344,-118.038307,33.818477,5
90631,67354,-117.9513,33.940619,5
90638,47568,-118.008961,33.902045,5
90640,62425,-118.109962,34.015217,5
90650,103214,-118.08263,33.905963,5
90660,63288,-118.089299,33.989524,5
90670,16271,-118.062611,33.933565,5
90680,29694,-117.995068,33.801869,5
90701,16398,-118.080637,33.867593,5
90703,51556,-118.067402,33.8681,5
90704,3699,-118.421305,33.391181,5
90706,72893,-118.127289,33.887676,5
90710,24660,-118.300237,33.798266,5
90712,30173,-118.148403,33.840524,7
90713,27563,-118.112532,33.847755,5
90715,20890,-118.078097,33.841027,5
90716,14852,-118.074071,33.830431,5
90717,21065,-118.317354,33.794209,5
90720,21343,-118.065591,33.79499,5
90723,55306,-118.164432,33.897122,5
90731,58639,-118.284363,33.736387,5
90732,21279,-118.31448,33.744119,5
90740,24180,-118.071128,33.75462,5
90742,1107,-118.073596,33.719221,5
90743,174,-118.085304,33.728273,5
90744,53323,-118.262263,33.782068,5
90745,55486,-118.26411,33.822295,5
90746,25566,-118.252272,33.859171,5
90802,38427,-118.210737,33.752524,5
90803,31352,-118.129725,33.760458,5
90804,43467,-118.1486,33.783047,5
90805,91664,-118.179626,33.864622,5
90806,49647,-118.179971,33.802664,5
90807,31556,-118.182239,33.830099,5
90808,37417,-118.111335,33.823943,5
90810,35656,-118.222416,33.819814,5
90813,63136,-118.199049,33.781086,5
90814,19034,-118.143866,33.771612,5
90815,38902,-118.11662,33.797638,5
90822,425,-118.118648,33.778436,5
91001,36243,-118.142236,34.196837,5
91006,30028,-118.029837,34.137319,5
91007,30933,-118.047732,34.128284,5
91010,27414,-117.95982,34.145695,5
91011,20200,-118.153729,34.234912,5
91016,41067,-118.000482,34.1528,5
91020,7527,-118.230625,34.2112,5
91024,10558,-118.057505,34.168686,5
91030,23984,-118.156957,34.110444,5
91040,18752,-118.312929,34.282704,5
91042,26753,-118.244839,34.296574,5
91101,16812,-118.139225,34.146635,5
91103,27891,-118.165327,34.167465,5
91104,38460,-118.123752,34.165383,5
91105,10253,-118.166649,34.13946,5
91106,23742,-118.128658,34.139402,5
91107,32369,-118.087353,34.159007,5
91108,13158,-118.112911,34.122671,5
91201,23981,-118.289463,34.17051,5
91202,21990,-118.267539,34.167926,5
91203,14493,-118.262974,34.153338,5
91204,17015,-118.26036,34.136306,5
91205,41390,-118.245839,34.13658,5
91206,31297,-118.203869,34.162515,5
91207,9864,-118.262922,34.182378,5
91208,16910,-118.238508,34.195386,5
91214,29110,-118.245259,34.239636,5
91301,25303,-118.759788,34.129058,5
91302,23661,-118.68346,34.130861,5
91303,23519,-118.602203,34.19829,5
91304,49242,-118.632656,34.224377,5
91306,43857,-118.577563,34.209532,5
91307,23637,-118.68493,34.199787,5
91311,35325,-118.603883,34.294142,5
91316,27614,-118.518292,34.150354,5
91320,37779,-118.946262,34.172071,5
91321,30742,-118.504118,34.370378,5
91324,25751,-118.55029,34.238208,5
91325,32307,-118.517588,34.236683,5
91326,28067,-118.556218,34.281911,5
91331,97318,-118.421314,34.255442,5
91335,68018,-118.540958,34.200175,5
91340,33389,-118.435969,34.286131,5
91342,81986,-118.399841,34.321621,5
91343,57017,-118.482296,34.238802,5
91344,48867,-118.505104,34.291273,5
91345,17112,-118.459744,34.266389,5
91350,40077,-118.41459,34.502432,5
91351,59259,-118.420717,34.422519,5
91352,46639,-118.338307,34.231053,5
91354,17846,-118.573726,34.457005,5
91355,24977,-118.644609,34.43987,5
91356,27424,-118.548511,34.157137,5
91360,42526,-118.88109,34.214054,5
91361,18735,-118.894673,34.130992,5
91362,33057,-118.822796,34.191842,5
91364,25988,-118.593408,34.153733,5
91367,36123,-118.615714,34.178068,5
91377,14814,-118.776874,34.19225,5
91381,9937,-118.615583,34.364153,5
91384,22177,-118.699048,34.506627,5
91401,40376,-118.431791,34.178483,5
91402,66249,,,0
91403,22085,-118.463365,34.147149,5
91405,51348,-118.448048,34.202494,5
91406,50047,-118.490752,34.195685,5
91411,23646,-118.459472,34.17847,5
91423,29387,-118.432138,34.146957,5
91436,13129,-118.486056,34.152875,5
91501,18112,-118.300942,34.188339,5
91502,11517,-118.31003,34.177267,5
91504,25882,-118.317651,34.213049,5
91505,29245,-118.345928,34.174215,5
91506,18539,-118.323548,34.169706,5
91601,36625,-118.372498,34.1692,4
91602,16996,-118.364786,34.15136,5
91604,26157,-118.39275,34.139082,5
91605,57146,-118.400022,34.207295,6
91606,45358,-118.387125,34.187599,5
91607,27453,-118.399795,34.165783,5
91701,39064,-117.611478,34.132275,5
91702,57775,-117.87068,34.174493,5
91706,76890,-117.967399,34.098275,5
91709,66754,-117.725644,33.942895,5
91710,75319,-117.663025,33.990646,5
91711,34716,-117.717863,34.127621,5
91722,33817,-117.906736,34.097345,5
91723,17554,-117.886844,34.084747,5
91724,25068,-117.853935,34.08111,5
91730,51970,-117.57882,34.10097,5
91731,30211,-118.046695,34.079934,5
91732,62660,-118.01462,34.074492,5
91733,45645,-118.053753,34.04622,5
91737,23079,-117.642503,34.245289,5
91739,12937,-117.523724,34.133809,5
91740,25135,-117.855059,34.119363,5
91741,24973,-117.849815,34.14649,5
91743,13,,,0
91744,84965,-117.936436,34.031441,4
91745,53686,-117.973758,33.998471,5
91746,30802,-117.991372,34.038983,5
91748,46342,-117.897367,33.976753,5
91750,35530,-117.770299,34.144703,5
91752,18980,-117.535395,33.999992,5
91754,33280,-118.147037,34.050322,5
91755,26933,-118.115022,34.049172,5
91759,47,-117.662032,34.231318,5
91761,56280,-117.591528,34.035602,5
91762,54254,-117.667677,34.057256,5
91763,34447,-117.698319,34.072121,5
91764,49474,-117.605618,34.074087,5
91765,46532,-117.807874,33.992416,5
91766,69974,-117.756106,34.042286,5
91767,46626,-117.737997,34.083086,5
91768,36057,-117.785168,34.067932,5
91770,61623,-118.082791,34.065108,5
91773,33878,-117.815532,34.102119,8
91775,23444,-118.089431,34.114772,4
91776,38041,-118.095645,34.089927,5
91780,32718,-118.055848,34.101608,5
91784,23331,-117.655583,34.141146,5
91786,48827,-117.660934,34.105493,5
91789,45118,-117.85492,34.018354,5
91790,44099,-117.937007,34.066964,5
91791,30458,-117.893169,34.061634,5
91792,31622,-117.898722,34.024405,5
91801,54382,-118.128164,34.090925,4
91803,30635,-118.145959,34.074736,5
91901,16486,-116.703729,32.827184,5
91902,17389,-117.00232,32.67117,4
91905,1509,-116.304991,32.677097,3
91906,3133,-116.472863,32.673483,4
91910,74025,-117.054989,32.636792,4
91911,71126,-117.059459,32.607964,5
91913,12884,-116.985026,32.64164,5
91914,2606,-116.938632,32.688506,4
91915,9278,-116.97595,32.605012,4
91916,1587,-116.635387,32.912664,5
91917,727,-116.687855,32.622999,4
91931,796,-116.561917,32.857946,4
91932,26662,-117.119009,32.579134,4
91934,699,-116.2237,32.649787,2
91935,8759,-116.798386,32.695681,3
91941,44652,-116.99726,32.759327,5
91942,24005,-117.01611,32.782501,5
91945,24961,-117.033713,32.733564,5
91948,81,-116.444601,32.830852,4
91950,62355,-117.095235,32.67102,5
91962,1604,-116.483363,32.800671,5
91963,905,-116.593605,32.619465,5
91977,56100,-116.994608,32.726627,5
91978,7863,-116.950963,32.730264,5
91980,91,-116.636816,32.587557,5
92003,3849,-117.202895,33.290907,4
92004,2863,-116.192313,33.200369,3
92007,10375,-117.272254,33.015866,4
92008,35582,-117.306043,33.148116,4
92009,43161,-117.258203,33.098018,4
92014,13945,-117.256086,32.948262,3
92019,40995,-116.862648,32.785165,4
92020,55277,-116.969082,32.79697,4
92021,61872,-116.873258,32.832706,4
92024,47126,-117.25665,33.054579,4
92025,49281,-117.033814,33.081478,5
92026,43436,-117.116916,33.21846,4
92027,48690,-116.967221,33.141265,38
92028,42239,-117.299644,33.362575,43
92029,17944,-117.134275,33.079834,4
92036,3577,-116.262854,32.980678,4
92037,42617,-117.25034,32.853743,4
92040,42277,-116.906774,32.909873,4
92054,98239,-117.420557,33.351059,5
92056,52895,-117.29032,33.194742,3
92057,46893,-117.285879,33.254497,3
92059,1831,-117.072619,33.384345,4
92060,234,-116.823091,33.309852,3
92061,2615,-116.940501,33.313828,3
92064,47969,-117.013454,32.984395,5
92065,33104,-116.833922,33.044541,4
92066,339,-116.53633,33.215251,4
92067,7615,-117.200617,33.012751,5
92069,52664,-117.170863,33.162624,4
92070,1143,-116.743329,33.174725,5
92071,53510,-116.997605,32.847336,3
92075,12173,-117.263628,33.001813,4
92078,6760,-117.166036,33.119028,4
92082,14575,-116.986079,33.25283,3
92083,62036,-117.242761,33.17494,4
92084,44692,-117.200024,33.22784,5
92086,1205,-116.626907,33.323705,5
92091,1072,-117.207121,32.99356,4
92101,27505,-117.171346,32.72523,4
92102,47140,-117.117462,32.716007,4
92103,30202,-117.166877,32.747484,3
92104,47689,-117.127409,32.741499,3
92105,73006,-117.090353,32.741859,2
92106,18525,-117.236378,32.71346,3
92107,27959,-117.243453,32.741852,5
92108,11650,-117.142454,32.774046,3
92109,46086,-117.232376,32.787836,27
92110,24169,-117.19938,32.76501,4
92111,46828,-117.169052,32.805518,5
92113,47431,-117.116587,32.697098,5
92114,66838,-117.05512,32.707892,5
92115,56887,-117.07245,32.762506,4
92116,33083,-117.122565,32.765299,4
92117,51213,-117.199424,32.825086,34
92118,24093,-117.186612,32.68674,5
92119,21866,-117.027095,32.802959,5
92120,25569,-117.060993,32.807867,5
92121,4258,-117.202937,32.898613,20
92122,34902,-117.209774,32.85723,36
92123,25232,-117.134694,32.808814,5
92124,30206,-117.089287,32.827238,5
92126,74232,-117.152162,32.886925,32
92127,20046,-117.118456,33.017518,5
92128,42733,-117.072093,33.000269,5
92129,47224,-117.134917,32.961064,16
92130,28201,-117.202542,32.957195,22
92131,29283,-117.087091,32.89325,5
92139,36351,-117.047666,32.677716,5
92154,68776,-117.012975,32.578103,4
92173,28488,-117.040073,32.555828,5
92201,56307,-116.237257,33.713891,4
92203,2743,-116.230055,33.752938,5
92210,3873,-116.291089,33.537646,3
92211,19702,-116.324817,33.762759,3
92220,25859,-116.849577,33.936298,5
92223,17721,-116.977672,33.946982,5
92225,24659,-114.71612,33.674583,4
92227,23394,-115.191857,33.03933,5
92230,2355,-116.76058,33.929812,5
92231,27804,-115.431225,32.690654,5
92233,7857,-115.497485,33.143826,5
92234,43141,-116.474131,33.829583,5
92236,23170,-116.171678,33.680031,4
92239,964,-115.257009,33.889605,5
92240,22796,-116.516976,33.948558,4
92241,5529,-116.250973,33.832799,5
92242,1564,-114.36514,34.137742,5
92243,43712,-115.60915,32.770393,5
92249,3535,-115.501083,32.730583,5
92250,8062,-115.152865,32.811001,2
92251,14546,-115.662709,32.858595,4
92252,8141,-116.281511,34.167236,4
92253,23971,-116.310571,33.695532,5
92254,8768,-115.993906,33.543835,5
92256,3499,-116.594561,34.097863,5
92257,2753,-115.596574,33.345825,3
92258,732,-116.569499,33.906496,4
92259,471,-115.886656,32.698964,4
92260,29340,-116.412711,33.694501,5
92262,24924,-116.659215,33.839989,4
92264,18884,-116.514215,33.745746,5
92266,291,-114.758334,33.3249,5
92267,131,-114.192901,34.273872,4
92268,354,-116.593456,34.201108,5
92270,12465,-116.429928,33.763678,5
92273,1632,-115.689559,32.790282,4
92274,17018,-116.119222,33.53604,4
92275,799,-115.955541,33.28156,5
92276,6242,-116.382778,33.849263,5
92277,17178,,,0
92278,14104,-116.139589,34.457829,5
92280,50,,,0
92281,2388,-115.60503,33.03679,4
92282,805,-116.654195,33.972293,5
92283,3663,-114.850784,32.852947,4
92284,20486,-116.425984,34.159534,5
92285,2182,-116.539416,34.341737,4
92301,18980,-117.536183,34.667815,5
92304,42,-115.637164,34.559882,5
92305,301,-116.86433,34.1678,4
92307,31876,,,0
92308,28819,-117.184503,34.424926,4
92309,904,-116.092214,35.28952,4
92310,9465,-116.770281,35.349241,4
92311,31293,-117.001509,34.965648,3
92313,11024,-117.307211,34.029175,4
92314,9899,-116.773825,34.278967,3
92315,5447,-116.89802,34.242058,4
92316,25995,-117.39104,34.059722,3
92317,2150,,,0
92318,227,,,0
92320,7334,-117.057627,33.982787,4
92321,455,-117.175654,34.255203,4
92323,40,,,0
92324,52202,-117.273201,34.030915,4
92325,10484,-117.29028,34.248061,4
92327,678,-116.821698,34.875144,4
92328,443,-117.033326,36.27688,4
92332,115,-115.287901,34.9436,4
92333,414,-116.937581,34.274846,4
92335,82630,-117.464096,34.087558,4
92336,54586,-117.460803,34.136367,4
92337,29847,-117.468896,34.049671,4
92338,23,-116.093376,34.702766,3
92339,958,-116.903891,34.067699,4
92341,317,-117.072654,34.244411,3
92342,4948,-117.33997,34.757783,4
92345,68515,-117.337509,34.361387,4
92346,48245,-117.154277,34.129677,3
92347,1933,-117.239306,34.983808,4
92352,9793,-117.19335,34.2565,4
92354,18068,-117.255974,34.049315,4
92356,5256,-116.856103,34.508417,4
92358,1090,-117.534306,34.238162,4
92359,7324,-117.04054,34.103578,4
92363,5488,-114.702256,34.711224,4
92364,162,-115.516984,35.478736,4
92365,2899,,,0
92368,909,-117.296957,34.647959,4
92371,12463,-117.537886,34.441123,4
92372,4280,-117.629729,34.459322,4
92373,31230,-117.138286,34.003243,4
92374,36675,-117.166158,34.064073,3
92376,75882,-117.378904,34.109775,4
92377,18518,-117.404686,34.156758,4
92382,5395,-117.07683,34.186211,4
92384,87,-116.188668,35.924252,4
92386,1834,-116.830015,34.243088,4
92389,117,,,0
92392,63235,-117.362274,34.486835,4
92394,12083,-117.362329,34.567058,4
92397,4253,-117.618263,34.358321,4
92398,1195,-116.834092,35.013299,4
92399,41575,-117.011825,34.04597,4
92401,1779,-117.2914,34.105935,4
92404,53636,-117.221722,34.183286,4
92405,24644,-117.300864,34.142747,4
92407,49355,-117.393949,34.250069,4
92408,12149,-117.258107,34.084909,4
92410,44556,-117.297553,34.106922,4
92411,23146,-117.320138,34.122501,4
92501,18999,-117.372498,33.994676,4
92503,71678,-117.455583,33.890046,4
92504,46550,-117.398153,33.9108,4
92505,38446,-117.489426,33.920907,4
92506,42425,-117.361788,33.930931,4
92507,48649,-117.319786,33.976328,4
92508,17147,-117.324959,33.885499,4
92509,63999,-117.447864,34.004379,4
92518,1005,-117.277533,33.888323,4
92530,38519,-117.391751,33.655421,4
92532,4546,-117.318204,33.705836,4
92536,2433,-116.827173,33.482243,4
92539,3745,-116.666551,33.527605,4
92543,29687,-116.968339,33.739415,4
92544,39264,-116.871544,33.644585,4
92545,25694,-117.044145,33.734933,4
92548,4283,-117.120868,33.761894,4
92549,3588,-116.741796,33.755039,4
92551,22983,-117.224878,33.88274,4
92553,61205,-117.244933,33.923149,4
92555,12743,-117.109972,33.907361,4
92557,46214,-117.255039,33.970661,4
92561,1500,-116.55783,33.638645,4
92562,36149,-117.334165,33.548869,4
92563,18311,-117.14719,33.581045,4
92567,7344,-117.102244,33.82769,4
92570,36817,-117.320676,33.787298,4
92571,26357,-117.201666,33.828289,4
92582,4456,-117.02007,33.806708,4
92583,21349,-116.924723,33.796568,4
92584,14068,-117.178271,33.653338,4
92585,8692,-117.173334,33.739412,4
92586,18161,-117.200006,33.707483,4
92587,13151,-117.25071,33.69887,4
92590,3070,-117.219551,33.475493,4
92591,25655,-117.10909,33.540604,4
92592,46171,-117.029473,33.507255,30
92595,19368,-117.253349,33.617108,4
92596,4093,-117.04254,33.657433,4
92602,2762,-117.733655,33.720359,4
92604,27369,-117.788091,33.688546,4
92606,17621,-117.824172,33.703976,4
92610,10936,-117.67768,33.698728,4
92612,41062,-117.810896,33.643095,4
92614,22499,-117.833296,33.680302,4
92618,6301,-117.732135,33.667145,4
92620,26419,-117.752574,33.716136,4
92624,7465,-117.665104,33.458754,4
92625,13422,-117.862734,33.600987,4
92626,48207,-117.905471,33.678591,4
92627,62069,-117.922613,33.645672,4
92629,27730,-117.705314,33.477923,4
92630,59176,-117.684254,33.644849,4
92646,56517,-117.969501,33.666301,4
92647,58764,-118.005441,33.723579,4
92648,42663,-118.016195,33.679659,4
92649,32304,-118.043237,33.721917,4
92651,25206,-117.773669,33.570023,4
92653,48273,-117.717854,33.606899,4
92655,8660,-117.98588,33.744439,4
92656,41237,-117.731917,33.571259,4
92657,5597,-117.821841,33.603282,4
92660,28687,-117.874882,33.634626,4
92661,4242,-117.902304,33.601309,4
92662,3124,-117.893042,33.606336,4
92663,22133,-117.927024,33.62251,4
92672,34946,-117.609432,33.429488,4
92673,15297,-117.584273,33.4725,4
92675,34321,-117.602555,33.521447,4
92676,1859,-117.635263,33.782346,4
92677,62103,-117.701175,33.529047,4
92679,32268,-117.567346,33.631119,4
92683,88230,-117.993661,33.752591,4
92688,42193,-117.611733,33.624654,4
92691,46371,-117.665867,33.611945,4
92692,46227,-117.644253,33.60693,4
92694,350,-117.640055,33.569186,4
92701,58157,-117.858918,33.748478,4
92703,70011,-117.906125,33.748635,4
92704,91188,-117.907063,33.719869,4
92705,44117,-117.786763,33.766004,4
92706,37879,-117.881533,33.765893,4
92707,62634,-117.872941,33.714829,4
92708,54548,-117.950113,33.712036,4
92780,55062,-117.818805,33.735802,4
92782,17494,-117.785046,33.738543,4
92801,60553,-117.952151,33.844983,4
92802,45086,-117.923782,33.807864,4
92804,81333,-117.974404,33.818,4
92805,68802,-117.906099,33.830209,4
92806,34398,-117.870494,33.83796,4
92807,36301,-117.788357,33.848733,4
92808,19629,-117.726668,33.850452,4
92821,34055,-117.862898,33.930199,4
92823,1408,-117.79387,33.924143,4
92831,34592,-117.895482,33.879983,4
92832,24502,-117.929029,33.868316,4
92833,46105,-117.961212,33.877639,4
92835,21157,-117.914922,33.902211,4
92840,50641,-117.931889,33.787165,4
92841,31428,-117.982564,33.786738,4
92843,43491,-117.931507,33.764018,4
92844,23481,-117.969795,33.766476,4
92845,15878,-118.026456,33.782955,4
92860,22443,-117.559639,33.925833,4
92861,5935,-117.810462,33.817473,4
92865,18058,-117.848299,33.828779,4
92866,15396,-117.844535,33.784597,4
92867,40915,-117.821288,33.81859,4
92868,23172,-117.875928,33.787796,4
92869,37916,-117.789749,33.792791,4
92870,48170,-117.854783,33.881158,4
92879,44875,-117.531446,33.893823,4
92880,16998,-117.617809,33.918043,4
92881,21911,-117.513063,33.833686,4
92882,60294,-117.600213,33.819385,4
92883,13188,-117.488725,33.762351,4
92886,39458,-117.792202,33.897253,4
92887,20893,-117.732197,33.884073,4
93001,32899,-119.306383,34.360261,4
93003,46894,-119.221437,34.279221,4
93004,27381,-119.167798,34.278697,4
93010,42853,-119.079903,34.227846,4
93012,24945,-118.993111,34.205504,4
93013,17409,-119.513163,34.441398,4
93015,16013,-118.865111,34.408161,4
93021,32984,-118.858169,34.312945,4
93022,6503,-119.302118,34.404544,4
93023,21633,-118.931948,34.581308,4
93030,79736,-119.18012,34.223244,4
93033,77791,-119.117218,34.156629,4
93035,25322,-119.224666,34.18454,4
93040,1459,-118.730106,34.432843,4
93041,25634,-119.100972,34.110124,4
93060,32511,-119.094824,34.402343,4
93063,49027,-118.685703,34.296813,4
93065,64802,-118.768471,34.269449,4
93066,2966,-119.014627,34.297628,4
93067,576,-119.60137,34.420998,4
93101,31727,-119.710008,34.419203,4
93103,20893,-119.685368,34.438581,4
93105,25771,-119.80079,34.037342,4
93108,12741,-119.631072,34.457541,4
93109,10986,-119.726936,34.406256,4
93110,15757,-119.77191,34.437945,4
93111,16477,-119.802602,34.460197,4
93117,49975,-120.091246,34.489983,4
93201,1054,-119.498771,35.869626,4
93202,2872,-119.710852,36.315979,4
93203,16206,-118.817644,35.116307,4
93204,14697,-120.129921,35.916943,4
93205,1954,-118.400432,35.523991,4
93206,2078,-119.488413,35.451402,4
93207,226,-118.69759,35.865795,4
93208,191,-118.591951,36.057458,4
93210,18036,-120.387793,36.186867,4
93212,23506,-119.532424,36.04533,4
93215,37280,-119.209689,35.772244,4
93216,4425,,,0
93218,823,-119.004073,35.846067,4
93219,9318,-119.305858,35.858054,4
93221,13333,-119.018233,36.301689,4
93222,1526,-119.234281,34.907911,4
93223,8644,-119.201028,36.29878,4
93224,626,-119.57013,35.215731,4
93225,4498,-118.999073,34.827662,4
93226,296,-118.738483,35.735694,4
93230,53204,-119.622676,36.29223,4
93234,6918,-120.080117,36.217864,4
93235,4517,-119.224243,36.385818,4
93238,1873,-118.397782,35.852892,4
93239,1809,-120.000951,35.996923,4
93240,5564,-118.466318,35.607875,4
93241,15364,-118.905553,35.245035,4
93242,2900,-119.718285,36.444232,4
93243,1247,-118.885163,34.845861,4
93244,293,-118.997291,36.462671,4
93245,30419,-119.825657,36.303666,4
93247,15508,-119.085807,36.205465,4
93249,2502,-119.893068,35.637715,4
93250,10781,-119.186717,35.666886,4
93251,302,-119.730885,35.38381,4
93252,4357,,,0
93254,798,-119.750142,34.956577,4
93255,655,,,0
93256,4198,-119.330928,35.957019,4
93257,65566,-118.891593,36.008958,4
93260,266,-118.636698,35.861928,4
93261,2956,-119.127437,35.809921,4
93262,56,-118.594938,36.527243,4
93263,15177,-119.286833,35.490705,4
93265,3546,-118.693138,36.245926,4
93266,1729,-119.813805,36.175255,4
93267,5689,-119.129075,36.141319,4
93268,14937,-119.402525,35.184837,4
93270,5868,-119.043666,35.939068,4
93271,2318,-118.854708,36.413433,4
93272,2951,,,0
93274,56101,-119.375243,36.185471,4
93276,236,-119.402559,35.316263,4
93277,44741,-119.375646,36.303793,4
93280,22760,-119.4464,35.652242,4
93282,63,,,0
93283,1935,-118.244914,35.55647,4
93285,2515,-118.552784,35.690535,3
93286,8870,-119.094348,36.464635,4
93287,88,-118.881679,35.710244,4
93291,36718,-119.372842,36.391777,4
93292,30395,-119.211689,36.37559,3
93301,12963,-119.020428,35.383937,4
93304,44588,-119.023552,35.339796,4
93305,35643,-118.984109,35.391733,4
93306,53481,-118.841442,35.449881,4
93307,59195,-118.962329,35.280113,4
93308,44915,-118.925185,35.559617,4
93309,58632,-119.064803,35.342891,4
93311,20440,-119.194488,35.16207,3
93312,40836,-119.245341,35.392599,4
93313,25126,-119.051348,35.140938,4
93401,27047,-120.626442,35.233745,4
93402,14859,-120.824288,35.279984,4
93405,31982,-120.727344,35.236549,3
93420,24499,-120.483243,35.176236,4
93422,29539,-120.69461,35.453912,4
93424,812,-120.728305,35.186644,4
93426,1363,-121.004862,35.842889,4
93427,4644,-120.238218,34.631362,4
93428,6526,-121.032256,35.591387,4
93429,210,-120.536546,34.866032,4
93430,3220,-120.918713,35.511833,4
93432,1203,-120.469476,35.480896,4
93433,13106,-120.61843,35.120833,4
93434,5726,-120.594655,34.936,4
93435,28,,,0
93436,51737,-120.382917,34.601055,3
93437,6165,-120.550507,34.757477,3
93440,1328,-120.275839,34.758699,3
93441,1317,-120.02609,34.70434,4
93442,10909,-120.763864,35.369553,4
93444,15405,-120.489599,35.050345,4
93445,7435,-120.604741,35.059695,3
93446,35586,-120.728341,35.634222,4
93447,804,,,0
93449,8564,-120.655842,35.165668,3
93450,670,-120.85305,35.996008,4
93451,2666,-120.608661,35.886767,4
93452,471,-121.223355,35.746484,4
93453,2687,-120.256567,35.303926,4
93454,30540,-120.256729,34.943523,4
93455,37364,-120.418784,34.818227,4
93458,43684,-120.490081,34.95934,4
93460,5710,-120.032564,34.630356,4
93461,1255,-120.293534,35.634488,4
93463,7958,-120.137875,34.624399,4
93465,7918,-120.739231,35.536115,4
93501,4882,-118.171288,35.097323,3
93505,8316,-117.927597,35.151491,4
93510,7831,-118.207862,34.501452,4
93512,340,-118.231443,37.653947,4
93513,1826,-118.062943,37.245505,4
93514,13309,-118.397236,37.04584,4
93516,2241,-117.73045,34.95703,4
93517,826,-119.286558,38.184583,4
93518,1022,-118.527064,35.358953,4
93522,64,-117.593053,36.319181,4
93523,7685,-117.961179,34.966777,4
93526,734,-118.189241,36.869584,4
93527,2213,,,0
93528,207,-117.637641,35.363339,2
93529,618,-119.055813,37.730269,4
93530,71,-117.962461,36.560498,4
93531,1436,-118.59049,35.214982,4
93532,2771,-118.584212,34.659579,4
93534,35109,-118.153098,34.727529,4
93535,57794,-117.889656,34.712708,4
93536,49309,-118.38111,34.741406,4
93541,504,-119.184087,37.890145,4
93543,11198,-117.955054,34.505273,4
93544,1220,-117.765862,34.500091,4
93545,1910,,,0
93546,8217,-118.837167,37.550074,4
93549,318,-117.865469,36.296851,4
93550,67232,-118.082935,34.536232,4
93551,34045,-118.256358,34.613476,4
93552,25370,-118.029441,34.557711,4
93553,1613,-117.894868,34.445239,4
93554,117,-117.773354,35.405722,4
93555,29782,,,0
93560,14931,-118.411251,34.903052,4
93561,25805,-118.652112,35.073777,4
93562,1991,,,0
93563,413,-117.734568,34.39583,4
93591,6787,-117.79593,34.598221,4
93601,1968,-119.739935,37.375816,4
93602,3464,-119.242874,36.991762,4
93603,273,-118.924982,36.64545,4
93604,613,-119.345011,37.458367,4
93605,273,-119.2997,37.17277,4
93606,807,-120.019511,36.798882,4
93608,1766,-120.407691,36.488056,4
93609,5446,-119.865999,36.5276,4
93610,19391,-120.270136,37.100948,4
93611,46858,-119.593757,36.917652,4
93612,33856,-119.711868,36.814539,4
93614,9395,-119.749323,37.212191,4
93615,5519,-119.285484,36.497895,4
93616,1965,-119.595293,36.657462,4
93618,24206,-119.386868,36.523619,4
93620,9388,-120.630682,37.045728,4
93621,506,-119.140338,36.789213,4
93622,9491,-120.625382,36.785618,4
93623,77,-119.679414,37.483535,4
93624,1852,-120.119911,36.397745,4
93625,5635,-119.672483,36.625792,4
93626,1125,-119.69056,37.027663,4
93627,152,-120.118055,36.520537,4
93628,93,-118.901544,36.807595,4
93630,14062,-120.123526,36.727418,4
93631,14088,-119.52137,36.478239,4
93634,52,-119.216328,37.290606,4
93635,29124,-120.955099,36.995162,4
93637,28434,-120.194274,36.902954,4
93638,49247,-119.930027,37.004068,4
93640,9174,,,0
93641,571,-119.024051,36.696759,4
93643,3376,-119.470256,37.244307,4
93644,8521,-119.231447,37.648647,4
93645,173,-119.657092,37.140104,4
93646,8449,-119.298895,36.633498,4
93647,9780,-119.175655,36.600185,4
93648,12587,-119.521126,36.622237,4
93650,3258,-119.797113,36.841655,4
93651,1314,-119.505661,37.007238,4
93652,265,-119.905245,36.594542,4
93653,972,-119.95783,37.252057,4
93654,25923,-119.421842,36.636638,4
93656,5729,-119.94575,36.452211,4
93657,28991,-119.440414,36.819628,4
93660,4318,-120.153393,36.600193,4
93662,26213,-119.642281,36.545322,4
93664,642,-119.001021,37.223,4
93665,343,-120.653519,36.959731,4
93666,306,-119.338535,36.545353,4
93667,2633,-119.348267,36.993666,4
93668,1130,-120.288644,36.635661,4
93669,327,-119.548156,37.287758,4
93673,646,-119.486225,36.456091,4
93675,3146,-119.202677,36.719141,4
93701,13858,-119.787574,36.749403,4
93702,47999,-119.753649,36.739385,4
93703,31180,-119.762633,36.768774,4
93704,26580,-119.801247,36.799648,4
93705,35451,-119.827813,36.78724,4
93706,35790,-119.903674,36.654614,4
93710,29337,-119.761826,36.822715,4
93711,36274,-119.82947,36.833002,1
93720,45087,-119.7645,36.878709,4
93721,6848,-119.783786,36.732694,4
93722,60889,-119.929894,36.78979,4
93725,21010,-119.741322,36.623632,4
93726,39148,-119.761131,36.793601,4
93727,54701,-119.68072,36.751489,4
93728,16346,-119.818274,36.757345,4
93901,35739,-121.622188,36.64152,4
93905,58548,-121.601306,36.667794,4
93906,53946,-121.633648,36.722898,4
93907,22292,-121.664714,36.77462,4
93908,13027,-121.615669,36.624338,4
93920,1006,,,0
93921,2966,-121.922239,36.554618,4
93923,13121,-121.852507,36.460611,4
93924,6691,-121.6386,36.414611,4
93925,1140,-121.442274,36.596271,4
93926,9023,-121.396719,36.52588,4
93927,14204,-121.386617,36.248708,4
93928,254,-121.189757,35.930782,4
93930,14477,-120.980777,36.220761,4
93932,538,-121.055933,35.989792,4
93933,21759,-121.758398,36.689582,4
93940,32857,-121.869685,36.362741,4
93950,15449,-121.926417,36.618337,4
93953,4602,-121.944815,36.587497,4
93954,521,-120.864443,36.125529,4
93955,38244,-121.823565,36.625114,4
93960,13003,-121.360597,36.414216,4
93962,407,-121.647195,36.624641,4
94002,25566,-122.306132,37.509366,4
94005,3635,-122.40712,37.684694,4
94010,40346,-122.365778,37.57028,4
94014,47453,-122.445202,37.691561,4
94015,63337,-122.48131,37.680844,4
94019,17929,-122.407992,37.45567,4
94020,1622,-122.224165,37.285677,4
94021,148,-122.26308,37.266388,4
94022,18486,-122.134356,37.349546,4
94024,21496,-122.093002,37.352911,4
94025,39062,-122.183762,37.449551,4
94027,6876,-122.203168,37.454924,4
94028,6601,-122.215844,37.369709,4
94030,20350,-122.403099,37.601248,4
94037,2346,-122.509594,37.540582,4
94038,3064,-122.502311,37.515556,4
94040,32143,-122.086022,37.380662,4
94041,13483,-122.075299,37.388349,4
94043,27822,-122.062947,37.419725,4
94044,38885,-122.455167,37.573633,4
94060,2055,-122.297533,37.22565,4
94061,35737,-122.235414,37.461251,4
94062,25569,-122.297152,37.410567,4
94063,32368,-122.196318,37.499411,4
94065,10658,-122.230941,37.527497,4
94066,39566,-122.430661,37.624436,4
94070,28098,-122.267361,37.497915,4
94074,291,-122.341444,37.331762,4
94080,60599,-122.426468,37.654436,4
94086,64010,-122.020456,37.378541,4
94087,50070,-122.037311,37.3511,4
94089,16985,-122.009613,37.421633,4
94102,28998,-122.419233,37.7795,4
94103,23036,-122.411287,37.773147,4
94104,384,-122.402241,37.791222,4
94105,2066,-122.395009,37.789168,4
94107,17372,-122.395521,37.768881,4
94108,13723,-122.408653,37.791998,4
94109,56330,-122.42227,37.794487,4
94110,74641,-122.415201,37.750021,4
94111,3337,-122.402293,37.801776,4
94112,73117,-122.443119,37.720498,4
94114,30587,-122.434801,37.758085,4
94115,33122,-122.437301,37.786031,4
94116,42959,-122.486764,37.74441,4
94117,38756,-122.445121,37.770533,4
94118,38955,-122.461522,37.781304,4
94121,42476,-122.495781,37.776718,4
94122,55504,-122.484966,37.760412,4
94123,22920,-122.436975,37.800254,4
94124,33177,-122.384532,37.731505,4
94127,20643,-122.45732,37.736535,4
94129,2240,-122.464531,37.797526,4
94130,1458,-122.369725,37.820894,4
94131,27906,-122.442833,37.746699,4
94132,26297,-122.491129,37.722302,4
94133,26831,-122.411004,37.802071,4
94134,40137,-122.413573,37.721052,4
94301,16198,-122.149996,37.444314,4
94303,45499,-122.115398,37.45809,4
94304,1723,-122.177746,37.386978,4
94305,13386,-122.165641,37.424342,4
94306,24492,-122.131337,37.416159,4
94401,32488,-122.306467,37.590421,4
94402,23393,-122.317723,37.556634,4
94403,37926,-122.305109,37.538309,4
94404,31882,-122.272437,37.556094,4
94501,58555,-122.274434,37.774633,4
94502,13996,-122.224363,37.724817,4
94506,19777,-121.903253,37.791481,4
94507,15187,-121.994813,37.855717,4
94508,3641,-122.419923,38.542448,4
94509,90891,-121.801599,37.980057,4
94510,25578,-122.11926,38.113533,4
94511,2379,-121.646924,38.050558,4
94512,138,-121.838298,38.140719,4
94513,26577,-121.682472,37.908242,4
94514,10153,-121.601461,37.83323,4
94515,7384,-122.593216,38.629618,4
94517,14239,-121.848111,37.881842,4
94518,27394,-122.022455,37.950248,4
94519,18650,-122.012188,37.990118,4
94520,36186,-122.039144,38.013825,4
94521,39888,-121.971504,37.971421,4
94523,32685,-122.076886,37.95338,4
94525,3193,-122.228415,38.049292,4
94526,32873,-121.977203,37.815459,4
94530,23141,-122.289145,37.924838,4
94533,77683,-122.02711,38.287136,4
94535,9978,-121.939461,38.265899,4
94536,66543,-121.964583,37.572273,4
94538,56126,-121.962472,37.505768,4
94539,46917,-121.899117,37.516791,4
94541,60274,-122.076796,37.674002,4
94542,11147,-122.048361,37.656695,4
94544,72993,-122.037554,37.639215,4
94545,27311,-122.120843,37.62984,4
94546,41698,-122.083473,37.708327,4
94547,22479,-122.214945,37.991259,4
94549,23996,-122.127161,37.907777,4
94550,75929,-121.659562,37.571748,4
94552,13212,-122.02157,37.722727,4
94553,46677,-122.115432,38.014457,4
94555,33883,-122.080312,37.555473,4
94556,16510,-122.107185,37.827946,4
94558,63947,-122.27011,38.489789,4
94559,26894,-122.324944,38.232389,4
94560,42491,-122.032347,37.504133,4
94561,27607,-121.686241,37.999406,4
94563,17964,-122.20522,37.873916,4
94564,16717,-122.293716,37.996462,4
94565,78816,-121.916834,38.006047,4
94566,36669,-121.862395,37.633361,4
94567,494,-122.403219,38.672708,4
94568,29636,-121.928425,37.713926,4
94569,173,-122.196821,38.035707,4
94571,5246,-121.737696,38.148862,4
94572,8506,-122.23463,38.027218,4
94574,9423,-122.296283,38.581354,4
94576,223,-122.474773,38.554383,4
94577,41871,-122.159338,37.717196,4
94578,36568,-122.126703,37.704384,4
94579,19815,-122.15728,37.687264,4
94580,26240,-122.132415,37.676249,4
94583,44078,-121.976784,37.766556,4
94585,39279,-122.017258,38.197907,4
94586,790,-121.862856,37.587494,4
94587,66472,-122.051521,37.59485,4
94588,28568,-121.912061,37.685052,4
94589,42209,-122.271588,38.161321,4
94590,37218,-122.247387,38.104705,4
94591,51665,-122.186338,38.105733,4
94592,159,-122.276589,38.093701,4
94595,18024,-122.075197,37.862128,4
94596,40917,-122.052782,37.900662,4
94598,26022,-122.008483,37.916648,4
94599,2873,-122.365048,38.421458,4
94601,54876,-122.219268,37.776523,4
94602,28900,-122.208417,37.803883,4
94603,31392,-122.175602,37.739113,4
94605,42854,-122.138678,37.758019,4
94606,41876,-122.244314,37.792489,4
94607,21054,-122.297401,37.80707,4
94608,24589,-122.287648,37.83726,4
94609,21097,-122.26437,37.834341,4
94610,29964,-122.238708,37.808731,4
94611,36517,-122.216005,37.828416,4
94612,11702,-122.269739,37.809014,4
94618,15438,-122.235181,37.84551,4
94619,24518,-122.14633,37.787186,4
94621,30751,-122.197175,37.750553,4
94702,15638,-122.286228,37.866009,4
94703,19763,-122.275684,37.863843,4
94704,21205,-122.246597,37.871416,4
94705,12448,-122.240512,37.858898,4
94706,15882,-122.295192,37.890274,4
94707,11889,-122.279391,37.897753,4
94708,10737,-122.263124,37.897743,4
94709,10147,-122.26609,37.878554,4
94710,8157,-122.303708,37.872902,4
94801,28450,-122.383941,37.945288,4
94803,25399,-122.288296,37.963995,4
94804,39089,-122.341798,37.921034,4
94805,13984,-122.320968,37.941456,4
94806,55720,-122.342635,37.980269,4
94901,40239,-122.491452,37.972662,4
94903,28403,-122.546024,38.018065,4
94904,12010,-122.563571,37.946617,4
94920,13065,-122.46858,37.885629,4
94922,584,-122.9755,38.343282,4
94923,1785,-123.037957,38.377165,4
94924,1573,-122.72379,37.943087,4
94925,9038,-122.511694,37.924014,4
94928,42544,-122.697822,38.34719,4
94929,330,-122.956268,38.24458,4
94930,8486,-122.611873,37.971751,4
94931,7936,-122.718742,38.326215,4
94933,1025,-122.689442,38.010092,4
94937,1004,-122.945723,38.099323,4
94938,821,-122.691744,38.021772,4
94939,6773,-122.532369,37.937082,4
94940,406,-122.834815,38.129308,4
94941,28727,-122.572024,37.901371,4
94945,16429,-122.563683,38.135897,4
94946,607,-122.665566,38.065359,4
94947,24741,-122.634384,38.112166,4
94949,13361,-122.524004,38.067204,4
94950,248,-122.775567,38.052209,4
94951,3777,-122.642352,38.325599,4
94952,31930,-122.77872,38.237018,4
94954,35419,-122.557332,38.235021,4
94956,1885,-122.830646,38.060264,4
94960,16849,-122.575026,37.99272,4
94963,548,-122.663717,38.00474,4
94964,6448,-122.491642,37.942551,4
94965,11213,-122.515692,37.848641,4
94970,781,-122.657562,37.921137,4
94971,384,-122.901041,38.240769,4
94972,66,-122.935056,38.339996,4
94973,1449,-122.638155,38.005839,4
95002,2147,-121.994813,37.449537,4
95003,24227,-121.877877,37.013471,4
95004,3373,-121.629781,36.878364,4
95005,6407,-122.090386,37.078873,4
95006,10520,-122.142961,37.171727,4
95007,1007,-122.100006,37.106902,4
95008,44976,-121.954567,37.279689,4
95010,9673,-121.952864,36.977025,4
95012,8582,-121.759054,36.784481,4
95014,54431,-122.080621,37.306612,4
95017,857,-122.237162,37.114335,4
95018,8728,-122.062213,37.089111,4
95019,4753,-121.785559,36.936228,4
95020,49968,-121.528955,37.03889,4
95023,47514,,,0
95030,13290,-121.988727,37.222842,4
95032,24443,-121.947427,37.233034,4
95033,10172,-121.945611,37.160194,4
95035,62848,-121.878502,37.441931,4
95037,41707,-121.649371,37.161544,4
95039,899,-121.781632,36.863303,4
95041,77,-122.056194,37.051166,4
95043,813,-120.952122,36.525703,4
95045,3402,-121.503022,36.810568,4
95046,5671,-121.606417,37.084697,4
95050,36349,-121.952417,37.351214,4
95051,52986,-121.98469,37.348129,4
95054,13031,-121.965114,37.393554,4
95060,43192,-122.098858,36.993451,4
95062,36631,-121.991149,36.974575,4
95064,4563,-122.065975,37.007882,4
95065,8365,-121.981865,37.031404,4
95066,14574,-122.010077,37.070177,4
95070,30589,-122.051824,37.257772,4
95073,9823,-121.946461,37.023669,4
95076,81141,-121.752383,36.931654,4
95110,18197,-121.910019,37.34667,4
95111,57748,-121.827673,37.284265,4
95112,52334,-121.883119,37.343827,4
95113,561,-121.891147,37.333851,4
95116,51706,-121.852855,37.350284,4
95117,29914,-121.961786,37.311088,4
95118,31926,-121.889838,37.255479,4
95119,10155,-121.78809,37.233226,4
95120,37090,-121.843554,37.186141,4
95121,37127,-121.809955,37.304681,4
95122,59841,-121.834567,37.32886,4
95123,59632,-121.828375,37.238758,4
95124,45257,-121.923037,37.257063,4
95125,46185,-121.894763,37.294926,4
95126,27023,-121.916819,37.327069,4
95127,60620,-121.795867,37.375156,4
95128,32804,-121.936285,37.316146,4
95129,37570,-122.000887,37.305622,4
95130,13481,-121.986477,37.277592,4
95131,26389,-121.897775,37.387027,4
95132,40568,-121.74841,37.424655,4
95133,26032,-121.860349,37.371862,4
95134,9657,-121.945416,37.42765,4
95135,15798,-121.723877,37.28682,4
95136,36944,-121.851046,37.270938,4
95138,14792,-121.749494,37.246064,4
95139,7023,-121.762429,37.218705,4
95140,38,-121.634151,37.382909,4
95148,44103,-121.777179,37.339533,4
95202,7071,-121.287669,37.959706,4
95203,16357,-121.329761,37.954089,4
95204,30476,-121.319568,37.974498,4
95205,34138,-121.260051,37.965695,4
95206,49657,-121.440029,37.902422,4
95207,49965,-121.324979,38.002125,4
95209,30814,-121.348048,38.044523,4
95210,40611,-121.297433,38.033219,4
95212,6951,-121.21653,38.049457,4
95215,23789,-121.139499,37.946282,4
95219,19109,-121.387999,38.029729,4
95220,6317,-121.235034,38.200231,4
95221,676,,,0
95222,4264,-120.632221,38.071327,4
95223,5159,-120.236358,38.32153,4
95224,115,-120.339938,38.208336,4
95225,27,-120.898817,38.183918,4
95226,75,-120.861666,38.233879,4
95227,722,-121.02789,38.227285,4
95228,2633,-120.67108,37.943954,4
95230,596,-120.863055,37.956963,4
95231,5094,-121.292034,37.873283,4
95232,21,-120.579304,38.358464,4
95233,335,-120.364085,38.184914,4
95236,3148,-121.030499,38.047746,4
95237,3205,-121.14207,38.166791,4
95240,45755,-121.159078,38.123544,4
95242,22073,-121.4078,38.128087,4
95245,2718,-120.592431,38.304194,4
95246,1692,-120.515133,38.264262,4
95247,4353,-120.440124,38.147852,4
95249,3930,-120.61689,38.196497,4
95250,88,-120.417301,38.244806,4
95251,460,-120.456298,38.055562,4
95252,11266,-120.849231,38.156971,4
95254,304,-120.957842,38.192608,4
95255,2198,-120.469545,38.41935,4
95257,435,-120.415951,38.392686,4
95258,4176,-121.310964,38.169605,4
95301,27808,-120.656354,37.321233,4
95303,809,-120.672724,37.4695,4
95305,167,-120.256995,37.818589,4
95306,986,-120.127262,37.394411,4
95307,32881,-120.952825,37.553469,4
95310,2144,-120.37855,38.085839,4
95311,2271,-120.110174,37.722127,4
95312,55,-120.66527,37.420273,4
95313,1508,-121.049056,37.435664,4
95315,10159,-120.765493,37.422961,4
95316,5513,-120.757977,37.524721,4
95317,808,-120.506422,37.127386,4
95318,579,-119.822984,37.654551,4
95320,11474,-121.006907,37.818543,4
95321,3680,-119.667544,37.902968,4
95322,7872,-121.120161,37.147198,4
95323,1055,-120.69955,37.605926,4
95324,7177,-120.890747,37.394536,4
95325,128,-120.230424,37.479926,4
95326,6822,-120.853288,37.5923,4
95327,9559,-120.486589,37.84771,4
95328,2130,-120.911653,37.555631,4
95329,1749,-120.411517,37.666587,4
95330,10834,-121.308401,37.80821,4
95333,3256,-120.249581,37.249377,4
95334,12672,-120.748394,37.361987,4
95335,683,-120.078597,38.109125,4
95336,36738,-121.201018,37.830267,4
95337,19867,-121.238423,37.750822,4
95338,10226,-119.99437,37.526791,4
95340,59289,-120.493537,37.255637,4
95345,433,-119.972762,37.581496,4
95346,1278,-120.133915,38.121601,4
95348,23100,-120.514191,37.40122,4
95350,52872,-121.007575,37.671806,4
95351,47536,-121.012295,37.621458,4
95354,27135,-120.964772,37.639029,4
95355,47613,-120.946594,37.672906,4
95356,26055,-121.025836,37.716186,4
95357,13343,-120.877572,37.670526,4
95358,30668,-121.108568,37.612612,4
95360,8504,-121.039391,37.343846,4
95361,25384,-120.776141,37.785033,4
95363,15536,-121.320337,37.410236,4
95364,235,-119.755729,38.224869,4
95365,4150,-120.306399,37.329725,4
95366,12646,-121.13238,37.750778,4
95367,16525,-120.954271,37.734971,4
95368,12466,-121.08739,37.713152,4
95369,1158,-120.426843,37.521708,4
95370,25340,-120.343732,37.982716,4
95372,1519,-120.261821,37.990574,4
95374,1960,-120.855753,37.316807,4
95376,69801,-121.446049,37.680968,4
95379,3979,-120.188002,37.939768,4
95380,40545,-120.875917,37.474396,4
95382,24708,-120.854357,37.529656,4
95383,4848,-120.230625,38.107441,4
95385,274,-121.263381,37.609095,4
95386,8308,-120.626964,37.669516,4
95387,899,,,0
95388,11463,-120.599587,37.421299,4
95389,1750,,,0
95401,36125,-122.790335,38.460517,4
95403,40270,-122.752839,38.488431,4
95404,35057,-122.709096,38.526941,4
95405,22250,-122.668817,38.439696,4
95407,30876,-122.739814,38.394091,4
95409,25718,-122.580539,38.468893,4
95410,1054,-123.717354,39.225694,4
95412,747,-123.316553,38.731055,4
95415,1374,-123.381544,39.025867,4
95417,176,-123.682799,39.710591,4
95419,436,,,0
95420,333,-123.784599,39.361283,4
95421,1575,-123.19338,38.578807,4
95422,13485,-122.631779,38.965804,4
95423,3684,-122.598542,39.07116,4
95424,103,,,0
95425,9210,-122.938935,38.801936,4
95426,1591,-122.73203,38.838088,4
95427,371,-123.565432,39.239818,4
95428,2296,-123.178765,39.83307,4
95429,91,-123.358701,39.756049,4
95430,187,-123.063756,38.445603,4
95431,363,-122.51699,38.348884,2
95432,383,-123.645121,39.108252,4
95436,6216,-122.92444,38.499302,4
95437,14417,-123.683979,39.455555,4
95439,476,-122.777141,38.493888,4
95441,2349,-123.064272,38.731771,4
95442,4101,-122.522642,38.368744,4
95443,175,-122.743181,39.045246,4
95444,390,-122.86891,38.434362,4
95445,1916,-123.50608,38.848082,4
95446,4913,-123.013347,38.52576,4
95448,17979,-122.908422,38.618347,4
95449,1373,-123.118111,38.93706,4
95450,438,-123.187019,38.505995,4
95451,9902,-122.792243,38.93496,4
95452,1653,-122.521585,38.419525,4
95453,11180,-122.955176,39.080469,4
95454,2706,-123.531098,39.806141,4
95456,882,-123.77214,39.245911,4
95457,2644,-122.549083,38.925545,4
95458,3002,-122.770679,39.141934,4
95459,586,-123.586412,38.966713,4
95460,2229,-123.743697,39.305545,4
95461,7789,-122.58675,38.787446,4
95462,1537,-123.015549,38.471049,4
95463,148,-123.552571,39.182916,4
95464,2223,-122.838198,39.12334,4
95465,1880,-122.998726,38.415003,4
95466,1113,-123.500853,39.094102,4
95468,1352,-123.609588,38.911299,4
95469,1884,-123.045516,39.408634,4
95470,5995,-123.25211,39.298065,4
95471,298,-122.97932,38.522328,4
95472,31266,-122.861923,38.398815,4
95476,34314,-122.461799,38.25485,4
95480,30,,,0
95481,109,,,0
95482,30988,-123.23422,39.134075,4
95485,2344,-122.907693,39.220368,4
95488,309,-123.767578,39.724433,4
95490,13472,-123.375818,39.492046,4
95492,23701,-122.810044,38.527297,4
95493,240,-122.985488,39.222323,4
95494,335,-123.239647,38.888351,4
95497,752,-123.436861,38.696659,4
95501,23224,-124.15428,40.796621,4
95502,183,,,0
95503,23570,-124.108897,40.737431,4
95511,261,-123.584144,40.166028,4
95514,199,-123.668201,40.309088,4
95519,15921,-124.015255,40.965011,4
95521,19596,-124.003757,40.839958,4
95524,1689,-124.049485,40.825486,4
95525,1584,-123.831799,40.94338,4
95526,695,-123.525626,40.372532,4
95527,485,-123.450097,40.854512,4
95528,1072,-123.93037,40.497283,4
95531,23792,,,0
95536,2965,-124.301372,40.4785,4
95537,228,-124.217378,40.726949,4
95540,12241,-124.121504,40.584991,4
95542,2423,-123.679461,40.057784,4
95543,532,-123.794144,41.867908,4
95545,82,-124.063329,40.342928,4
95546,3041,-123.704841,41.163637,4
95547,1201,-124.081662,40.557314,4
95548,1215,-124.035011,41.572813,4
95549,264,-123.865325,40.664483,4
95550,155,-123.80458,40.7666,4
95551,1447,-124.240051,40.665952,4
95552,265,-123.412327,40.390301,4
95553,867,-123.86,40.210895,4
95554,644,-123.805913,40.267158,4
95555,494,-124.044354,41.336354,4
95556,574,-123.546958,41.269521,4
95558,300,-124.210902,40.274302,4
95559,163,-123.745487,40.184094,4
95560,1851,-123.852927,40.142256,4
95562,3284,-124.163234,40.485849,4
95563,660,-123.539754,40.89866,4
95564,395,-124.189977,40.809636,4
95565,1125,-124.098739,40.440636,4
95567,2020,-124.097094,41.950683,4
95568,202,-123.471895,41.444606,4
95569,400,-123.835041,40.363446,4
95570,2369,-124.027381,41.162295,4
95571,270,-123.909449,40.310119,4
95573,1666,-123.655847,40.949012,4
95585,321,-123.741474,39.873371,4
95587,200,-123.681175,39.955587,4
95589,743,,,0
95595,259,-123.417298,40.170357,4
95601,222,-120.8421,38.431407,4
95602,18197,-121.114408,38.99003,4
95603,24944,-121.082766,38.912881,4
95605,12756,-121.540036,38.592745,4
95606,382,-122.241383,38.809804,4
95607,262,-122.130569,38.681651,4
95608,58830,-121.328011,38.626128,4
95610,43718,-121.271616,38.69508,4
95612,1417,-121.578701,38.384648,4
95613,49,,,0
95614,3674,-120.973865,38.880622,4
95615,699,-121.554034,38.311609,4
95616,67411,-121.678813,38.508735,4
95618,648,-121.685559,38.544002,4
95619,4426,-120.811852,38.683605,4
95620,18529,-121.799917,38.392821,4
95621,41636,-121.307864,38.69549,4
95623,4097,-120.842609,38.63153,4
95624,38534,-121.30587,38.434138,4
95625,171,-121.902943,38.349195,4
95626,6197,-121.463719,38.734997,4
95627,2756,-122.127193,38.834469,4
95628,40750,-121.25441,38.652065,4
95629,850,-120.704613,38.513484,4
95630,51855,-121.147403,38.672638,4
95631,5714,-120.811141,39.031876,4
95632,24194,-121.259201,38.274451,4
95633,2536,-120.837669,38.852544,4
95634,2723,-120.785514,38.9386,4
95635,1140,-120.897718,38.921333,4
95636,659,-120.522149,38.636102,4
95637,228,-122.196202,38.830739,4
95638,1745,-121.123886,38.313447,4
95639,213,-121.507935,38.375325,4
95640,9752,-120.954202,38.33788,4
95641,2010,-121.601358,38.154823,4
95642,6202,-120.76901,38.336216,4
95645,1793,-121.765866,38.875508,4
95646,129,-120.015167,38.631489,4
95648,15286,-121.312005,38.922812,4
95650,11191,-121.171375,38.809175,4
95651,485,-120.916997,38.815515,4
95653,844,-121.961866,38.674276,4
95655,929,-121.266725,38.549822,4
95658,6096,-121.15918,38.883224,4
95659,751,-121.608624,38.788898,4
95660,32202,-121.388251,38.671295,4
95661,25173,-121.251984,38.736685,4
95662,32040,-121.218435,38.689174,4
95663,2048,-121.182872,38.859093,4
95664,1173,-121.043799,38.803731,4
95665,4354,-120.641274,38.400264,4
95666,5501,-120.271114,38.546999,4
95667,34146,-120.795213,38.733714,4
95668,901,-121.498102,38.833554,4
95669,2220,-120.891614,38.489273,4
95670,49729,-121.279913,38.602723,4
95672,3815,-120.991237,38.724322,4
95673,14010,-121.457596,38.688764,4
95674,947,-121.482536,38.954144,4
95675,364,-120.743325,38.545775,4
95676,383,,,0
95677,21510,-121.236973,38.7904,4
95678,30614,-121.288545,38.759751,4
95681,1219,-121.345074,38.984756,4
95682,24738,-120.963092,38.598936,4
95683,4731,-121.114897,38.470423,4
95684,2958,-120.586659,38.606703,4
95685,4610,-120.77069,38.432145,4
95686,1472,-121.520223,38.157794,4
95687,63157,-121.920151,38.333133,4
95688,32564,-122.024568,38.419088,4
95689,1273,-120.603668,38.481902,4
95690,2344,-121.587535,38.240419,4
95691,19050,-121.593287,38.627951,4
95692,3600,-121.409837,39.043387,4
95693,5889,-121.225093,38.392559,4
95694,8406,-122.024579,38.578604,4
95695,38547,-121.862416,38.71967,4
95701,751,-120.79153,39.218096,4
95703,1526,-120.988814,38.983388,4
95709,4829,-120.675512,38.748316,4
95713,8525,-120.894014,39.084645,4
95714,350,-120.83679,39.197215,4
95715,185,-120.720196,39.23754,4
95717,407,-120.838404,39.170376,4
95720,183,-120.209673,38.766036,4
95721,69,-120.076204,38.851842,4
95722,3747,-121.022539,39.003358,4
95726,8577,-120.453416,38.733908,4
95728,88,-120.414275,39.279068,4
95735,25,-120.13287,38.805481,4
95736,31,-120.978273,39.00978,4
95742,299,-121.161585,38.591134,4
95746,20675,-121.184196,38.749466,4
95747,25418,-121.373245,38.784329,4
95758,47065,-121.44195,38.35363,4
95762,22028,-121.055634,38.684437,4
95765,15494,-121.281856,38.823278,4
95776,15022,-121.694431,38.694081,4
95814,16599,-121.491956,38.584505,4
95815,25355,-121.449942,38.608405,4
95816,16164,-121.46504,38.574856,4
95817,14966,-121.457314,38.550722,4
95818,21313,-121.495817,38.556306,4
95819,15975,-121.437507,38.567594,4
95820,37031,-121.444144,38.53508,4
95821,35426,-121.383658,38.625096,4
95822,44683,-121.495184,38.512569,4
95823,72199,-121.443625,38.475465,4
95824,30580,-121.439819,38.517295,4
95825,30715,-121.412455,38.590035,4
95826,38818,-121.378826,38.542532,4
95827,19611,-121.328386,38.549185,4
95828,54880,-121.395805,38.486938,4
95829,11396,-121.334051,38.486502,4
95830,592,-121.284171,38.490508,4
95831,42832,-121.529447,38.494832,4
95832,9063,-121.496855,38.445939,4
95833,31422,-121.517552,38.619049,4
95834,8403,-121.52446,38.646209,4
95835,854,-121.543709,38.685069,4
95836,16,,,0
95837,264,-121.602284,38.691607,4
95838,34894,-121.442433,38.646096,4
95841,20993,-121.346321,38.660442,4
95842,31373,-121.34848,38.687367,4
95843,36432,-121.363411,38.715498,4
95864,23362,-121.376263,38.585826,4
95901,38091,-121.503883,39.19514,4
95903,5654,-121.392283,39.125311,4
95910,118,-120.841386,39.467828,4
95912,4796,-122.047751,38.982373,4
95913,218,,,0
95914,626,-121.38029,39.396585,4
95916,1279,-121.37778,39.657228,4
95917,3169,-121.818201,39.457388,4
95918,1477,-121.320597,39.292334,4
95919,1237,-121.263583,39.440687,4
95920,303,-121.936372,39.449794,4
95922,632,-121.099287,39.432127,4
95923,86,-121.120605,40.171312,4
95925,262,-121.195825,39.461768,4
95926,35808,-121.84333,39.745712,4
95928,32848,-121.83721,39.681488,4
95930,282,-121.14836,39.562239,4
95932,7503,-122.050763,39.273096,4
95934,178,-120.957805,40.080342,4
95935,614,-121.21191,39.381174,4
95936,404,-120.780786,39.578792,4
95937,19,-121.946081,38.931425,4
95938,3524,-121.777959,39.607831,4
95939,587,-122.594879,39.53222,4
95941,452,-121.24807,39.531028,4
95942,1351,-121.494168,40.077028,4
95943,1454,-122.032248,39.597975,4
95944,76,-120.868836,39.564113,4
95945,23990,-120.988066,39.194539,4
95946,9752,-121.19584,39.203817,4
95947,2064,-120.835428,40.160386,4
95948,9763,-121.759537,39.346898,4
95949,17922,-121.137962,39.099204,4
95950,531,-121.895718,39.033058,4
95951,1931,-122.042298,39.732767,4
95953,8695,-121.77697,39.258746,4
95954,11168,-121.584371,39.933852,4
95955,1146,-122.226568,39.281194,4
95956,301,-121.058043,39.937017,4
95957,776,-121.832638,39.068071,4
95959,17269,-120.858667,39.333737,4
95960,565,-120.984472,39.423046,4
95961,6439,-121.55325,39.082568,4
95962,1519,-121.249833,39.342587,4
95963,13706,-122.302169,39.748037,4
95965,17782,-121.552866,39.624561,4
95966,28382,-121.415927,39.473896,4
95968,1254,-121.552071,39.435756,4
95969,28318,-121.644379,39.69676,4
95970,495,-122.039307,39.424957,4
95971,6189,-121.041166,39.971228,4
95972,140,,,0
95973,26971,-121.843567,39.903272,4
95974,74,-121.747472,39.495768,4
95975,1601,-121.156163,39.225634,4
95977,963,-121.291692,39.176595,4
95978,28,-121.527823,39.904002,4
95979,844,-122.415841,39.288127,4
95981,101,-121.093256,39.58458,4
95982,3193,-121.805845,39.172777,4
95983,513,-120.743116,40.053684,4
95984,73,-121.062384,40.022184,4
95986,145,-120.786867,39.34128,4
95987,4579,-122.284654,39.117537,4
95988,8812,-122.286363,39.493991,4
95991,34967,-121.614982,39.02741,4
95993,27786,-121.70606,39.075694,4
96001,31586,-122.464732,40.587919,4
96002,30338,-122.318749,40.527834,4
96003,41476,-122.29467,40.677649,4
96006,615,-120.913161,41.171578,4
96007,21418,-122.306657,40.448632,4
96008,899,-122.109666,40.722733,4
96009,595,-121.107929,41.083464,4
96010,269,-123.287414,40.775272,4
96011,265,-121.879082,41.096569,4
96013,4552,-121.719489,40.946785,4
96014,290,-122.794636,41.388397,4
96015,417,-120.913975,41.486953,4
96016,344,-121.572692,40.936285,4
96017,228,-122.336613,41.121108,4
96019,6277,-122.369876,40.692523,4
96020,2664,-121.154733,40.243494,4
96021,13840,-122.289984,39.913777,4
96022,12348,-122.448533,40.336392,4
96023,1162,-122.050062,41.949216,4
96024,960,-122.903677,40.586588,4
96025,2602,-122.392067,41.212695,4
96027,2156,-123.008567,41.405193,4
96028,1902,-121.468945,41.017282,4
96029,84,-122.544556,39.84784,4
96031,170,-123.194748,41.232128,4
96032,2345,,,0
96033,373,-122.587476,40.740138,4
96034,392,-122.697236,41.411315,4
96035,3357,-122.176023,40.03194,4
96037,295,-122.955018,41.528541,4
96038,616,-122.539381,41.599978,4
96039,1294,-123.487478,41.831901,4
96040,397,-121.474529,40.789799,4
96041,2511,,,0
96044,1026,-122.527696,41.962127,4
96046,268,-123.465088,40.648024,4
96047,911,-122.647172,40.524535,4
96048,734,-123.06597,40.913192,4
96050,482,-122.948287,41.816595,4
96051,1236,-122.418258,40.883853,4
96052,1845,-122.803899,40.704293,4
96054,386,-121.160249,41.280478,4
96055,3756,-122.091481,40.059385,4
96056,1554,-121.360362,41.10831,4
96057,1586,-122.105209,41.251322,4
96058,816,-121.92063,41.769709,4
96059,598,-121.850421,40.426679,4
96061,78,-121.460674,40.331975,4
96062,830,-122.148139,40.531257,4
96063,124,-121.579609,40.408796,4
96064,4592,,,0
96065,431,-121.885884,40.877552,4
96067,7309,-122.290756,41.33832,4
96068,240,-121.195215,41.082472,4
96069,829,-122.037023,40.689243,4
96071,182,-121.428965,40.656287,4
96073,4931,-122.195512,40.582399,4
96074,263,-122.587513,39.884395,4
96075,433,-121.815412,40.343213,4
96076,215,-122.937379,40.367964,4
96080,26438,-122.388361,40.186772,4
96084,459,-122.059933,40.923558,4
96085,88,-123.07557,41.737962,4
96086,332,-123.260788,41.924174,3
96087,528,-122.512861,40.617614,3
96088,4231,-121.827524,40.497441,4
96090,405,-122.127576,40.021787,4
96091,734,-122.700545,41.081847,4
96092,439,-122.018567,39.955164,3
96093,3749,-122.939337,40.759401,4
96094,5896,-122.380947,41.465121,4
96096,843,-121.906949,40.637105,4
96097,9538,-122.671316,41.764869,4
96101,5096,-120.54229,41.468877,3
96103,1839,-120.661032,39.783747,4
96104,857,-120.152505,41.505916,4
96105,650,-120.198876,39.872961,4
96106,88,-120.580882,39.745805,4
96107,1332,-119.475741,38.42528,4
96108,104,-120.403885,41.750354,3
96109,1177,-120.101857,40.012675,4
96110,132,-120.150381,41.280341,4
96112,231,-120.135941,41.932207,3
96113,946,-120.18089,40.198234,4
96114,3093,-120.512622,40.294034,4
96115,124,,,0
96116,277,-120.490731,41.266008,3
96117,385,-120.338228,40.507272,4
96118,1822,-120.226338,39.637471,4
96119,85,-120.506086,41.042003,4
96120,957,-119.85798,38.735789,4
96121,481,-120.392967,40.181279,4
96122,4236,-120.445626,39.786755,3
96123,61,-120.322219,40.845738,3
96124,322,-120.456699,39.672813,4
96125,348,-120.636358,39.600599,4
96126,227,-120.345639,39.559709,4
96128,408,-120.386422,40.346634,4
96130,19440,-120.612113,40.559177,4
96132,72,-120.669427,41.027281,4
96133,116,-119.489162,38.636052,3
96134,2595,-121.492666,41.813521,4
96136,162,-120.081187,40.345949,4
96137,4158,-121.018087,40.271535,4
96140,1943,-120.091806,39.227434,4
96141,858,-120.212535,39.117018,3
96142,1291,-120.179546,39.061227,3
96143,4806,-120.029273,39.246654,4
96145,4002,-120.162806,39.178337,3
96146,942,-120.212401,39.191797,4
96148,678,-120.054765,39.24124,4
96150,33038,-120.106169,38.911577,2
96161,15783,,,0